path	line
.github/workflows/build.yml	660
.github/workflows/release.yml	172
.github/workflows/release.yml	311
.github/workflows/release.yml	745
docs/rendering/samus-hd-kit/README.md	88
sourceio-hd/common/mobile_images.py	105
src/MphRead.Android/GameView.cs	469
src/MphRead.Android/GameView.cs	494
src/MphRead.Android/GameView.cs	572
src/MphRead.Android/GameView.cs	1011
src/MphRead.Android/GameView.cs	1317
src/MphRead.Android/MainActivity.cs	356
src/MphRead/Entities/Players/PlayerAi.cs	249
src/MphRead/Entities/Players/PlayerInput.cs	3298
src/MphRead/Formats/CollisionDetection.cs	60
src/MphRead/Formats/CollisionDetection.cs	353
src/MphRead/Metadata/Rooms.cs	2548
src/MphRead/Mods/DebugLog.cs	420
src/MphRead/Mods/Diagnostics/PerformanceCheck.cs	46
src/MphRead/Mods/Launcher/ClientInstanceGuard.cs	47
src/MphRead/Mods/Launcher/Gui/CreateServerScreen.cs	1660
src/MphRead/Mods/Launcher/Gui/GuiLauncher.cs	65
src/MphRead/Mods/Launcher/Gui/MapStudioCommunityDashboard.cs	282
src/MphRead/Mods/Launcher/Gui/MapStudioScreen.cs	2527
src/MphRead/Mods/Launcher/Gui/MapStudioSharing.cs	60
src/MphRead/Mods/Launcher/Gui/PrimeUiChecks.cs	175
src/MphRead/Mods/Launcher/Gui/RmlUiPrototype.cs	392
src/MphRead/Mods/Launcher/Gui/Shell/PrimeWorkspaceHost.cs	85
src/MphRead/Mods/Launcher/Gui/Workspaces/LicenseWorkspace.cs	1152
src/MphRead/Mods/Launcher/Gui/Workspaces/PlayWorkspace.cs	295
src/MphRead/Mods/LifecycleTiming.cs	12
src/MphRead/Mods/MapGen/Build/MapBuildScheduler.cs	35
src/MphRead/Mods/MapGen/Build/MapBuildScheduler.cs	121
src/MphRead/Mods/MapGen/Build/MapBuildScheduler.cs	164
src/MphRead/Mods/MapGen/Build/MapBuildScheduler.cs	243
src/MphRead/Mods/MapGen/Packaging/MapPackageBuilder.cs	54
src/MphRead/Mods/MapGen/Packaging/MapPackageInstaller.cs	19
src/MphRead/Mods/MapGen/Packaging/MapPackageInstaller.cs	80
src/MphRead/Mods/MapGen/Packaging/MapPackageReader.cs	327
src/MphRead/Mods/MapGen/Project/MapAssets.cs	120
src/MphRead/Mods/MapGen/Project/MapProjectFolder.cs	47
src/MphRead/Mods/MapGen/Project/MapRuntimeUsage.cs	51
src/MphRead/Mods/MapGen/Sharing/MapCommunityClient.cs	787
src/MphRead/Mods/MapGen/Sharing/MapCommunityIdentity.cs	94
src/MphRead/Mods/MapGen/Sharing/MapCommunityServer.cs	53
src/MphRead/Mods/MapGen/Sharing/MapCommunityServer.cs	55
src/MphRead/Mods/MapGen/Sharing/MapCommunityServer.cs	77
src/MphRead/Mods/MapGen/Sharing/MapCommunityServer.cs	79
src/MphRead/Mods/MapGen/Sharing/MapCommunityServer.cs	385
src/MphRead/Mods/MapGen/Sharing/MapCommunityServer.cs	413
src/MphRead/Mods/MapGen/Sharing/MapCreatorCatalog.cs	38
src/MphRead/Mods/MapGen/Sharing/MapCreatorCatalog.cs	51
src/MphRead/Mods/ModEntry.cs	634
src/MphRead/Mods/Network/CareerReporting.cs	155
src/MphRead/Mods/Network/DedicatedServer.cs	419
src/MphRead/Mods/Network/DedicatedServer.cs	589
src/MphRead/Mods/Network/DedicatedServer.cs	700
src/MphRead/Mods/Network/DedicatedServer.cs	1075
src/MphRead/Mods/Network/DedicatedServer.cs	1261
src/MphRead/Mods/Network/DedicatedServer.cs	2094
src/MphRead/Mods/Network/DedicatedServer.cs	2425
src/MphRead/Mods/Network/HostPool.cs	89
src/MphRead/Mods/Network/HostRequestGuard.cs	89
src/MphRead/Mods/Network/LobbyCommands.cs	547
src/MphRead/Mods/Network/MapAudit.cs	370
src/MphRead/Mods/Network/MapAudit.cs	1615
src/MphRead/Mods/Network/NetHitClaims.cs	1233
src/MphRead/Mods/Network/NetHooks.cs	257
src/MphRead/Mods/Network/NetMaster.cs	111
src/MphRead/Mods/Network/NetMaster.cs	385
src/MphRead/Mods/Network/NetMaster.cs	526
src/MphRead/Mods/Network/NetMaster.cs	572
src/MphRead/Mods/Network/NetProtocol.cs	2480
src/MphRead/Mods/Network/NetReliableChannel.cs	15
src/MphRead/Mods/Network/NetReplicationLanes.cs	47
src/MphRead/Mods/Network/NetSessionLanes.cs	7
src/MphRead/Mods/Network/NetUnlagged.cs	19
src/MphRead/Mods/Network/PassiveReplayPlayer.cs	71
src/MphRead/Mods/Network/PassiveReplayPlayer.cs	167
src/MphRead/Mods/Network/PassiveReplayScene.cs	24
src/MphRead/Mods/Network/PassiveReplayScene.cs	90
src/MphRead/Mods/Network/PlayerEntityNetAim.cs	659
src/MphRead/Mods/Network/PlayerEntityNetAim.cs	1642
src/MphRead/Mods/Network/PlayerReplicationBridge.cs	421
src/MphRead/Mods/Network/PlayerReplicationBridge.cs	513
src/MphRead/Mods/Network/ReplayFormatV3.cs	255
src/MphRead/Mods/Network/ReplayMetadata.cs	80
src/MphRead/Mods/Network/ReplayPlaybackSession.cs	167
src/MphRead/Mods/Network/ReplayPlaybackSession.cs	185
src/MphRead/Mods/Network/ReplayPlaybackSession.cs	215
src/MphRead/Mods/Network/ReplayPoseStream.cs	43
src/MphRead/Mods/Network/ReplayPoseStream.cs	942
src/MphRead/Mods/Network/ReplayPoseStream.cs	1142
src/MphRead/Mods/Network/ReplayTimelineArchive.cs	16
src/MphRead/Mods/Network/ReplayWritePump.cs	47
src/MphRead/Mods/Network/ServerBotSlot.cs	50
src/MphRead/Mods/Network/ServerReplayRetention.cs	49
src/MphRead/Mods/Network/ServerSim.cs	302
src/MphRead/Mods/Network/WorldBootstrap.cs	111
src/MphRead/Mods/Render/Characters/AltFormAcceptanceCheck.cs	364
src/MphRead/Mods/Render/Characters/CharacterModelRuntime.cs	300
src/MphRead/Mods/Render/Characters/CharacterModelTextures.cs	25
src/MphRead/Mods/Render/Characters/HalfturretAcceptanceCheck.cs	187
src/MphRead/Mods/Render/FrameRenderGraph.cs	196
src/MphRead/Mods/Render/GraphicsBackendPolicy.cs	217
src/MphRead/Mods/Render/Ktx2TextureAsset.cs	230
src/MphRead/Mods/Render/LowLatencyController.cs	152
src/MphRead/Mods/Render/ModernGraphicsCompat.Diagnostics.cs	87
src/MphRead/Mods/Render/ModernGraphicsCompat.GpuVisibility.cs	94
src/MphRead/Mods/Render/ModernGraphicsCompat.GpuVisibility.cs	247
src/MphRead/Mods/Render/ModernGraphicsCompat.GpuVisibility.cs	311
src/MphRead/Mods/Render/ModernGraphicsCompat.GpuVisibility.cs	466
src/MphRead/Mods/Render/ModernGraphicsCompat.Indirect.cs	53
src/MphRead/Mods/Render/ModernGraphicsCompat.Indirect.cs	71
src/MphRead/Mods/Render/ModernGraphicsCompat.MultiDraw.cs	72
src/MphRead/Mods/Render/ModernGraphicsCompat.MultiDraw.cs	91
src/MphRead/Mods/Render/ModernGraphicsCompat.MultiDraw.cs	808
src/MphRead/Mods/Render/ModernGraphicsCompat.Performance.cs	67
src/MphRead/Mods/Render/ModernGraphicsCompat.World.cs	699
src/MphRead/Mods/Render/ModernGraphicsCompat.World.cs	1340
src/MphRead/Mods/Render/ModernGraphicsCompat.cs	362
src/MphRead/Mods/Render/ModernGraphicsCompat.cs	951
src/MphRead/Mods/Render/ModernGraphicsCompat.cs	1478
src/MphRead/Mods/Render/ModernGraphicsCompat.cs	1764
src/MphRead/Mods/Render/ModernGraphicsDevice.cs	22
src/MphRead/Mods/Render/ModernGraphicsDevice.cs	278
src/MphRead/Mods/Render/ModernGraphicsDevice.cs	452
src/MphRead/Mods/Render/RetainedRenderGraph.cs	523
src/MphRead/Mods/Render/SharedModelResources.cs	10
src/MphRead/Mods/Render/TextureAssetManager.cs	158
src/MphRead/Mods/Replay/ReplayCheckpointWriter.cs	14
src/MphRead/Mods/Replay/ReplayReviewCheck.cs	14
src/MphRead/Mods/Replay/ReplayStudio.cs	558
src/MphRead/Mods/Replay/ReplayStudio.cs	657
src/MphRead/Mods/Replay/ReplayWorldCheckpoint.cs	54
src/MphRead/Mods/Replay/ReplayWorldCheckpoint.cs	86
src/MphRead/Mods/Replay/ReplayWorldCheckpoint.cs	293
src/MphRead/Mods/Replay/ReplayWorldSchemas.cs	6
src/MphRead/Mods/RoomPrewarm.cs	172
src/MphRead/Mods/RoomPrewarm.cs	251
src/MphRead/Mods/Update/DesktopUpdate.cs	224
src/MphRead/Mods/Update/DesktopUpdate.cs	416
src/MphRead/Mods/Update/ServerUpdate.cs	289
src/MphRead/Program.cs	16
src/MphRead/Renderer.cs	627
src/MphRead/Renderer.cs	2558
src/MphRead/Renderer.cs	2864
src/MphRead/Renderer.cs	5447
src/MphRead/Renderer.cs	5522
src/MphRead/Renderer.cs	8557
src/MphRead/Renderer.cs	9039
src/MphRead/Renderer.cs	9090
src/MphRead/Renderer.cs	9157
src/MphRead/Sound/Music.cs	105
src/MphRead/Sound/Music.cs	859
src/MphRead/Sound/Music.cs	934
supabase/config.toml	1
supabase/functions/career-report/index.ts	88
supabase/functions/career-report/index.ts	122
supabase/functions/community-map-ticket/index.ts	84
tools/check-dedicated-server.sh	91
tools/check-macos-build.sh	1
tools/test-macos-tools.sh	28
